coins,price,sequence,size,symbol_id,taker_side,timestamp,time_exchange,type,uuid
ETH,427.9218748,4068,66.59917596,COINBASE_SPOT_ETH_USD,SELL_ESTIMATED,2018-07-16T20:11:51.747745Z,2018-07-16T20:11:51.747745Z,trade,77ba9eed-c909-4903-8315-1bfb96c49b6e
BTC,6101.377288,4081,96.14449585,COINBASE_SPOT_BTC_USD,SELL_ESTIMATED,2018-07-16T20:11:52.628113Z,2018-07-16T20:11:52.628113Z,trade,0acb98ce-399e-4c7f-bcee-4f86d6eef95c
BTC,5842.166335,4134,25.5515129,COINBASE_SPOT_BTC_USD,SELL_ESTIMATED,2018-07-16T20:11:53.164516Z,2018-07-16T20:11:53.164516Z,trade,7eaf3d0b-1704-4f4e-8840-24bd64c02dce
ETH,437.6501856,4205,2.932148868,COINBASE_SPOT_ETH_USD,BUY,2018-07-16T20:11:53.722737Z,2018-07-16T20:11:53.722737Z,trade,7f798136-daf7-4b64-af12-f4ecd11006e5
BTC,5453.596138,4237,72.17704388,COINBASE_SPOT_BTC_USD,BUY,2018-07-16T20:11:54.050962Z,2018-07-16T20:11:54.050962Z,trade,5759be1c-d631-463f-8396-06f1239fcbba
ETH,476.5483929,4249,54.29209779,COINBASE_SPOT_ETH_USD,SELL,2018-07-16T20:11:54.572711Z,2018-07-16T20:11:54.572711Z,trade,fc76e41c-2f35-485b-a4b9-c862a924c7a5
LTC,77.70095367,4307,96.8050797,COINBASE_SPOT_LTC_USD,SELL,2018-07-16T20:11:55.110619Z,2018-07-16T20:11:55.110619Z,trade,71ac5ecb-053d-4bff-a28e-219d78eca049
ETH,492.0192503,4401,29.15684483,COINBASE_SPOT_ETH_USD,BUY_ESTIMATED,2018-07-16T20:11:55.728178Z,2018-07-16T20:11:55.728178Z,trade,17fa315a-e9a9-4590-a8a5-9a298407652f
BTC,5374.669683,4499,27.0822421,COINBASE_SPOT_BTC_USD,BUY,2018-07-16T20:11:56.522702Z,2018-07-16T20:11:56.522702Z,trade,8e6b92c3-8e02-499c-be77-0b061604ee10
ETH,513.9205699,4551,1.029039296,COINBASE_SPOT_ETH_USD,BUY_ESTIMATED,2018-07-16T20:11:57.278040Z,2018-07-16T20:11:57.278040Z,trade,2fbdad4d-d789-4497-ba26-b7f4c940fa2f
LTC,76.33993534,4592,46.9105098,COINBASE_SPOT_LTC_USD,SELL,2018-07-16T20:11:58.038304Z,2018-07-16T20:11:58.038304Z,trade,3d20a99a-bbe7-4181-bf6d-344db99ac8f8
ETH,496.2054077,4682,52.40064771,COINBASE_SPOT_ETH_USD,SELL_ESTIMATED,2018-07-16T20:11:58.557515Z,2018-07-16T20:11:58.557515Z,trade,a16e66c4-0c33-4335-9f7e-348d7145da67
ETH,477.3350109,4749,23.65414257,COINBASE_SPOT_ETH_USD,SELL,2018-07-16T20:11:59.405121Z,2018-07-16T20:11:59.405121Z,trade,523fab01-6c01-4966-97c0-d3bad885327d
ETH,475.9642447,4756,43.46825394,COINBASE_SPOT_ETH_USD,SELL_ESTIMATED,2018-07-16T20:11:59.842484Z,2018-07-16T20:11:59.842484Z,trade,03d46d70-e9be-4a8a-95c2-7f3f44d54f2d
ETH,482.461917,4823,14.10748614,COINBASE_SPOT_ETH_USD,SELL_ESTIMATED,2018-07-16T20:12:00.602693Z,2018-07-16T20:12:00.602693Z,trade,ad1f6617-5794-4bf0-ab79-4e16460c56f6
LTC,79.1410187,4891,77.30268901,COINBASE_SPOT_LTC_USD,SELL,2018-07-16T20:12:01.328111Z,2018-07-16T20:12:01.328111Z,trade,254e42f2-57ea-4f02-b5c3-b1b95bfb648f
ETH,512.1142654,4943,97.7592689,COINBASE_SPOT_ETH_USD,SELL_ESTIMATED,2018-07-16T20:12:02.010997Z,2018-07-16T20:12:02.010997Z,trade,19cac5d0-db4c-43d1-86f0-bc0cfe49cf65
LTC,78.69297805,5017,38.15242242,COINBASE_SPOT_LTC_USD,SELL_ESTIMATED,2018-07-16T20:12:02.467279Z,2018-07-16T20:12:02.467279Z,trade,3d897dcf-7cec-4b91-bf2e-e7978d054a63
LTC,81.99549829,5063,67.29920643,COINBASE_SPOT_LTC_USD,BUY_ESTIMATED,2018-07-16T20:12:03.246813Z,2018-07-16T20:12:03.246813Z,trade,1ae9504a-4901-47af-9e80-ccc59f09b306
BTC,5491.265823,5095,99.05908581,COINBASE_SPOT_BTC_USD,SELL,2018-07-16T20:12:03.816497Z,2018-07-16T20:12:03.816497Z,trade,07eb7ffe-a7c4-47d9-8d3b-206f36ed792b
LTC,87.66191589,5118,49.04614094,COINBASE_SPOT_LTC_USD,SELL_ESTIMATED,2018-07-16T20:12:04.594858Z,2018-07-16T20:12:04.594858Z,trade,34ef3491-49a1-4a67-afc0-09ba089e4b26
LTC,91.51781283,5162,28.11978363,COINBASE_SPOT_LTC_USD,BUY_ESTIMATED,2018-07-16T20:12:05.322644Z,2018-07-16T20:12:05.322644Z,trade,c2038b22-15e5-4559-bbc9-7681d9366559
BTC,5343.9207,5228,68.48150553,COINBASE_SPOT_BTC_USD,BUY_ESTIMATED,2018-07-16T20:12:06.138033Z,2018-07-16T20:12:06.138033Z,trade,cc83e1ed-b66d-40f7-91b1-3a301fd2944a
LTC,87.13746381,5247,61.13976587,COINBASE_SPOT_LTC_USD,BUY_ESTIMATED,2018-07-16T20:12:06.849516Z,2018-07-16T20:12:06.849516Z,trade,d1e55624-8ea4-4c2f-990c-3bddb23f684f
LTC,88.10771366,5264,34.44924186,COINBASE_SPOT_LTC_USD,SELL_ESTIMATED,2018-07-16T20:12:07.586091Z,2018-07-16T20:12:07.586091Z,trade,9a5bd08b-1fdf-49e6-a656-5ca67af7765b
BTC,5038.992805,5275,48.08603496,COINBASE_SPOT_BTC_USD,SELL,2018-07-16T20:12:08.093417Z,2018-07-16T20:12:08.093417Z,trade,8d6341be-0539-46a6-9c67-b0bf3b64f679
LTC,88.69909954,5301,47.79444713,COINBASE_SPOT_LTC_USD,BUY_ESTIMATED,2018-07-16T20:12:08.795957Z,2018-07-16T20:12:08.795957Z,trade,4667b311-3736-4454-b452-d48fa0de815d
ETH,512.5634131,5348,29.71944071,COINBASE_SPOT_ETH_USD,SELL,2018-07-16T20:12:09.633109Z,2018-07-16T20:12:09.633109Z,trade,c5d32a33-f80d-4c18-b0cd-345c0fbaaba2
LTC,85.08198658,5436,20.90758925,COINBASE_SPOT_LTC_USD,BUY_ESTIMATED,2018-07-16T20:12:10.195509Z,2018-07-16T20:12:10.195509Z,trade,f870e56e-67fe-4e78-9b94-533539cba498
LTC,86.65516417,5467,22.36049191,COINBASE_SPOT_LTC_USD,SELL,2018-07-16T20:12:10.979710Z,2018-07-16T20:12:10.979710Z,trade,b674a644-72df-4328-90ba-278971627264
BTC,4982.041059,5548,96.39709002,COINBASE_SPOT_BTC_USD,BUY,2018-07-16T20:12:11.613650Z,2018-07-16T20:12:11.613650Z,trade,77c133ff-3d4b-41e8-8903-ccdd76fb8493
ETH,547.9545791,5603,57.67596646,COINBASE_SPOT_ETH_USD,BUY,2018-07-16T20:12:12.254347Z,2018-07-16T20:12:12.254347Z,trade,c284f242-1631-4a0a-b577-aa4a65d532f7
LTC,80.31782261,5655,15.48259238,COINBASE_SPOT_LTC_USD,SELL,2018-07-16T20:12:12.965829Z,2018-07-16T20:12:12.965829Z,trade,e07f59f5-1f6e-48a5-8209-dbacf41cb85c
LTC,89.364182,5727,51.79876256,COINBASE_SPOT_LTC_USD,BUY,2018-07-16T20:12:13.763603Z,2018-07-16T20:12:13.763603Z,trade,87d3748d-2aef-4ba9-abfe-f38b40d920c7
LTC,91.66122112,5823,70.05401372,COINBASE_SPOT_LTC_USD,BUY,2018-07-16T20:12:14.092654Z,2018-07-16T20:12:14.092654Z,trade,34a86249-445a-4463-aaf5-4e2a27a11c21
ETH,543.5571397,5894,86.39463923,COINBASE_SPOT_ETH_USD,SELL_ESTIMATED,2018-07-16T20:12:14.782956Z,2018-07-16T20:12:14.782956Z,trade,2f129ac6-7ca5-4d42-8644-ca0db8eacba0
LTC,85.75776984,5976,22.26551077,COINBASE_SPOT_LTC_USD,BUY_ESTIMATED,2018-07-16T20:12:15.216549Z,2018-07-16T20:12:15.216549Z,trade,69f8cc05-061a-46e2-bfd5-12592d0317d4
ETH,577.5337925,6049,70.54041348,COINBASE_SPOT_ETH_USD,BUY,2018-07-16T20:12:15.610898Z,2018-07-16T20:12:15.610898Z,trade,dec9a433-9a8e-45f7-a426-5f98f47427ba
ETH,572.3856293,6075,50.01238123,COINBASE_SPOT_ETH_USD,BUY_ESTIMATED,2018-07-16T20:12:16.388200Z,2018-07-16T20:12:16.388200Z,trade,096ed8e6-c678-469c-9a57-958897fb03cf
LTC,81.04026879,6094,42.90856469,COINBASE_SPOT_LTC_USD,SELL,2018-07-16T20:12:17.209108Z,2018-07-16T20:12:17.209108Z,trade,314ff872-d664-4136-becc-25ee867b7826
ETH,554.1430358,6128,41.54685192,COINBASE_SPOT_ETH_USD,SELL_ESTIMATED,2018-07-16T20:12:17.768944Z,2018-07-16T20:12:17.768944Z,trade,8be4bd38-4b1f-449e-9ac9-2a80f5edc4e9
ETH,548.515071,6180,46.0322839,COINBASE_SPOT_ETH_USD,SELL_ESTIMATED,2018-07-16T20:12:18.189136Z,2018-07-16T20:12:18.189136Z,trade,30aed053-2d20-45ca-b5db-783884c79649
ETH,507.5320773,6207,94.79522175,COINBASE_SPOT_ETH_USD,BUY_ESTIMATED,2018-07-16T20:12:18.825557Z,2018-07-16T20:12:18.825557Z,trade,879c711e-7b47-41aa-b704-0854fa048d77
LTC,80.98366794,6209,27.82130778,COINBASE_SPOT_LTC_USD,BUY,2018-07-16T20:12:19.388151Z,2018-07-16T20:12:19.388151Z,trade,b80761b1-b4f7-4702-9b11-df15ce7b31dd
LTC,80.80634671,6237,22.1157261,COINBASE_SPOT_LTC_USD,BUY,2018-07-16T20:12:20.053984Z,2018-07-16T20:12:20.053984Z,trade,98473217-df8d-42bf-a662-3c4f02f70d8c
LTC,71.39280257,6291,70.98722538,COINBASE_SPOT_LTC_USD,BUY_ESTIMATED,2018-07-16T20:12:20.427117Z,2018-07-16T20:12:20.427117Z,trade,5b212227-8e3a-4e08-abaa-23a7a0f9b047
ETH,493.8902386,6362,69.98677616,COINBASE_SPOT_ETH_USD,BUY,2018-07-16T20:12:21.090374Z,2018-07-16T20:12:21.090374Z,trade,1e75545e-7e47-49a0-84f0-250f4a4079ed
BTC,5154.618389,6377,10.27410745,COINBASE_SPOT_BTC_USD,SELL,2018-07-16T20:12:21.602442Z,2018-07-16T20:12:21.602442Z,trade,162dbe69-9868-4938-ad65-52e9d3e1bf78
LTC,74.46755255,6440,0.199599159,COINBASE_SPOT_LTC_USD,BUY_ESTIMATED,2018-07-16T20:12:22.210121Z,2018-07-16T20:12:22.210121Z,trade,d1383a49-3a30-4946-a523-6bef5f099ad6
LTC,72.9312034,6497,3.80804947,COINBASE_SPOT_LTC_USD,BUY_ESTIMATED,2018-07-16T20:12:22.972837Z,2018-07-16T20:12:22.972837Z,trade,87afbc77-56f8-46d6-8a52-90a8cf94f912
BTC,5377.545457,6594,23.85854758,COINBASE_SPOT_BTC_USD,SELL,2018-07-16T20:12:23.369118Z,2018-07-16T20:12:23.369118Z,trade,60de4d1b-14fb-4996-bbb4-e6043322f249
LTC,71.47154691,6673,64.02271492,COINBASE_SPOT_LTC_USD,SELL,2018-07-16T20:12:23.795480Z,2018-07-16T20:12:23.795480Z,trade,c1ab014d-c497-4c22-b19a-6e720f73c7c6
ETH,464.7166315,6768,99.42204784,COINBASE_SPOT_ETH_USD,SELL,2018-07-16T20:12:24.510439Z,2018-07-16T20:12:24.510439Z,trade,44ce3d84-18c8-4afd-9427-e8b21de77872
BTC,5076.899471,6867,32.47824867,COINBASE_SPOT_BTC_USD,BUY,2018-07-16T20:12:25.156803Z,2018-07-16T20:12:25.156803Z,trade,dac36080-a6b3-45d8-b6da-299398dfb890
LTC,71.89819993,6930,42.28863953,COINBASE_SPOT_LTC_USD,BUY,2018-07-16T20:12:25.761277Z,2018-07-16T20:12:25.761277Z,trade,d5b0fde7-6060-47d3-9581-af0bfe9f2b81
LTC,73.70139243,7002,21.02554949,COINBASE_SPOT_LTC_USD,SELL_ESTIMATED,2018-07-16T20:12:26.507656Z,2018-07-16T20:12:26.507656Z,trade,d9a57540-9c47-4ef6-ad86-5b9c30ec78a0
ETH,478.9958363,7076,50.16661796,COINBASE_SPOT_ETH_USD,BUY,2018-07-16T20:12:27.163708Z,2018-07-16T20:12:27.163708Z,trade,9e833123-4746-46df-afa2-9f719c8d8f5b
BTC,5143.126928,7113,45.67871844,COINBASE_SPOT_BTC_USD,BUY_ESTIMATED,2018-07-16T20:12:27.699611Z,2018-07-16T20:12:27.699611Z,trade,620c2487-60b6-450b-9d07-3bafe14dcfc6
LTC,78.08016629,7178,36.35891778,COINBASE_SPOT_LTC_USD,SELL_ESTIMATED,2018-07-16T20:12:28.159181Z,2018-07-16T20:12:28.159181Z,trade,a5774151-16ce-43d4-8bad-0b0827b0cc0b
LTC,70.45033534,7274,65.96544363,COINBASE_SPOT_LTC_USD,BUY_ESTIMATED,2018-07-16T20:12:28.538590Z,2018-07-16T20:12:28.538590Z,trade,a0ed5be5-1572-4251-8adf-f29f836fc98f
ETH,493.5749075,7345,49.69486217,COINBASE_SPOT_ETH_USD,BUY,2018-07-16T20:12:29.216488Z,2018-07-16T20:12:29.216488Z,trade,836e3041-7300-4025-adba-641139b7b18c
BTC,5220.915673,7376,97.82613851,COINBASE_SPOT_BTC_USD,BUY,2018-07-16T20:12:29.714619Z,2018-07-16T20:12:29.714619Z,trade,ac19b323-8395-4537-8e6c-acac9e0bfa10
BTC,5192.083364,7426,85.4055362,COINBASE_SPOT_BTC_USD,BUY,2018-07-16T20:12:30.516092Z,2018-07-16T20:12:30.516092Z,trade,046509d5-8192-4665-97c7-a31aad42ab1d
LTC,74.6105907,7520,56.52306517,COINBASE_SPOT_LTC_USD,BUY,2018-07-16T20:12:31.326573Z,2018-07-16T20:12:31.326573Z,trade,fbdf9c0e-4e65-4752-9547-c685a66cf938
ETH,462.673676,7549,69.09788923,COINBASE_SPOT_ETH_USD,SELL_ESTIMATED,2018-07-16T20:12:31.774356Z,2018-07-16T20:12:31.774356Z,trade,d866c932-945f-4745-9301-7751eb3cdd1f
BTC,5239.511355,7640,19.2416382,COINBASE_SPOT_BTC_USD,SELL_ESTIMATED,2018-07-16T20:12:32.362943Z,2018-07-16T20:12:32.362943Z,trade,2db75241-8c44-487f-836e-787d02db07d8
ETH,468.5544721,7665,48.05376461,COINBASE_SPOT_ETH_USD,BUY_ESTIMATED,2018-07-16T20:12:33.136857Z,2018-07-16T20:12:33.136857Z,trade,25e23452-53ba-47e3-974b-df7627d47aaf
LTC,73.10818739,7691,37.09750774,COINBASE_SPOT_LTC_USD,BUY_ESTIMATED,2018-07-16T20:12:34.002295Z,2018-07-16T20:12:34.002295Z,trade,be501aaa-7b8b-4faa-9b1e-4c58d59d0795
ETH,491.5861562,7770,93.74058147,COINBASE_SPOT_ETH_USD,SELL,2018-07-16T20:12:34.474287Z,2018-07-16T20:12:34.474287Z,trade,c9008bda-38d2-4257-901f-0901b2eb5006
BTC,5124.681113,7825,5.699645741,COINBASE_SPOT_BTC_USD,BUY,2018-07-16T20:12:34.907704Z,2018-07-16T20:12:34.907704Z,trade,36c1a916-05e3-488d-b9bc-f2748dbece43
ETH,454.1810642,7856,50.15809505,COINBASE_SPOT_ETH_USD,BUY_ESTIMATED,2018-07-16T20:12:35.268906Z,2018-07-16T20:12:35.268906Z,trade,7d6a2862-f873-4d2d-b06d-a4f9dedd3e42
ETH,473.6339189,7898,31.31226094,COINBASE_SPOT_ETH_USD,SELL,2018-07-16T20:12:35.834693Z,2018-07-16T20:12:35.834693Z,trade,242b8511-8460-468e-91e2-c605c348388c
LTC,69.30387275,7969,1.902700076,COINBASE_SPOT_LTC_USD,SELL_ESTIMATED,2018-07-16T20:12:36.669135Z,2018-07-16T20:12:36.669135Z,trade,66770b61-7b86-4693-91f7-6b1234480976
ETH,525.6260961,8038,92.27042292,COINBASE_SPOT_ETH_USD,SELL_ESTIMATED,2018-07-16T20:12:37.367562Z,2018-07-16T20:12:37.367562Z,trade,f228bfdc-a7ee-4e06-aac9-06476f3d3631
ETH,542.8546577,8068,80.62866281,COINBASE_SPOT_ETH_USD,BUY_ESTIMATED,2018-07-16T20:12:37.708939Z,2018-07-16T20:12:37.708939Z,trade,53a79ab6-35a3-4873-9c67-a985b5663dd2
LTC,70.32085952,8164,86.02314126,COINBASE_SPOT_LTC_USD,BUY,2018-07-16T20:12:38.202458Z,2018-07-16T20:12:38.202458Z,trade,a0837c61-48c4-439f-8248-7d433a779e75
BTC,5250.342019,8198,69.41356274,COINBASE_SPOT_BTC_USD,BUY_ESTIMATED,2018-07-16T20:12:38.928628Z,2018-07-16T20:12:38.928628Z,trade,33b9cc9c-1f4d-45ad-a079-b1fc2650e564
BTC,4708.054826,8210,12.26866799,COINBASE_SPOT_BTC_USD,SELL_ESTIMATED,2018-07-16T20:12:39.651710Z,2018-07-16T20:12:39.651710Z,trade,1cb1bc87-c472-4bc2-8084-e9c7753b8d85
BTC,4827.475298,8299,81.12873709,COINBASE_SPOT_BTC_USD,SELL_ESTIMATED,2018-07-16T20:12:40.238485Z,2018-07-16T20:12:40.238485Z,trade,b262aef3-9007-463f-9643-0593b62825c1
LTC,65.07302765,8309,25.23687118,COINBASE_SPOT_LTC_USD,SELL,2018-07-16T20:12:40.901677Z,2018-07-16T20:12:40.901677Z,trade,93f2fba1-33f6-4732-a0ac-d970e7a72051
ETH,546.0287048,8396,36.70858231,COINBASE_SPOT_ETH_USD,BUY_ESTIMATED,2018-07-16T20:12:41.453035Z,2018-07-16T20:12:41.453035Z,trade,bec55341-b269-466a-a62d-7d206e114ae9
LTC,69.36506159,8462,14.92578696,COINBASE_SPOT_LTC_USD,BUY_ESTIMATED,2018-07-16T20:12:41.895427Z,2018-07-16T20:12:41.895427Z,trade,efbb1ef1-71b2-4d54-9be3-63a0f3120421
BTC,5016.809064,8465,82.24306536,COINBASE_SPOT_BTC_USD,SELL_ESTIMATED,2018-07-16T20:12:42.252331Z,2018-07-16T20:12:42.252331Z,trade,ff48e747-0ddb-47dd-8c1a-cf061aabe39b
LTC,76.43935312,8498,93.06500738,COINBASE_SPOT_LTC_USD,SELL,2018-07-16T20:12:43.079390Z,2018-07-16T20:12:43.079390Z,trade,2cea60be-53c8-4ba1-b1c1-0943f7aefaae
LTC,70.55221031,8530,50.82389468,COINBASE_SPOT_LTC_USD,BUY_ESTIMATED,2018-07-16T20:12:43.926214Z,2018-07-16T20:12:43.926214Z,trade,6645a559-b13d-40b7-b9fc-ff13b93bbad5
BTC,5402.220333,8575,13.45032144,COINBASE_SPOT_BTC_USD,SELL,2018-07-16T20:12:44.818044Z,2018-07-16T20:12:44.818044Z,trade,cba95882-2bcf-4dae-a96c-e737c82a2073
LTC,63.47822569,8656,94.99086695,COINBASE_SPOT_LTC_USD,SELL,2018-07-16T20:12:45.622218Z,2018-07-16T20:12:45.622218Z,trade,dbdc18cc-4e01-4156-875d-f97080ffa554
BTC,5355.597515,8671,11.80659166,COINBASE_SPOT_BTC_USD,SELL,2018-07-16T20:12:46.352055Z,2018-07-16T20:12:46.352055Z,trade,062aa8b6-ba43-4d4f-8dbe-7c3167810cb4
LTC,68.45351746,8697,95.52329252,COINBASE_SPOT_LTC_USD,BUY,2018-07-16T20:12:46.685829Z,2018-07-16T20:12:46.685829Z,trade,97b334d7-7206-411e-affd-a1695830de5a
BTC,5019.216734,8750,14.48030246,COINBASE_SPOT_BTC_USD,SELL_ESTIMATED,2018-07-16T20:12:47.029876Z,2018-07-16T20:12:47.029876Z,trade,6f185c03-34a1-4bf7-b38d-798e7254fd3c
ETH,547.6509132,8836,68.33319413,COINBASE_SPOT_ETH_USD,BUY_ESTIMATED,2018-07-16T20:12:47.513558Z,2018-07-16T20:12:47.513558Z,trade,3da43229-389c-4df8-b616-c0f29c23acf8
BTC,4928.561027,8849,87.33864821,COINBASE_SPOT_BTC_USD,SELL_ESTIMATED,2018-07-16T20:12:48.260983Z,2018-07-16T20:12:48.260983Z,trade,2802dfc8-d5e6-4d5a-a562-14ca1b2e4384
ETH,535.16181,8878,43.0067671,COINBASE_SPOT_ETH_USD,SELL,2018-07-16T20:12:48.623561Z,2018-07-16T20:12:48.623561Z,trade,b7a5d533-e9f4-44a8-8cd8-40b666b3b482
LTC,68.33515515,8888,69.83939514,COINBASE_SPOT_LTC_USD,SELL_ESTIMATED,2018-07-16T20:12:49.234899Z,2018-07-16T20:12:49.234899Z,trade,cea7d3f4-a918-4df3-8216-c41547e173fb
LTC,71.82905381,8944,4.1442495,COINBASE_SPOT_LTC_USD,SELL,2018-07-16T20:12:49.869155Z,2018-07-16T20:12:49.869155Z,trade,e6898aea-7abd-442a-a2ca-fee444c428fc
BTC,4879.482396,8976,36.0978022,COINBASE_SPOT_BTC_USD,SELL_ESTIMATED,2018-07-16T20:12:50.392358Z,2018-07-16T20:12:50.392358Z,trade,542eedd0-b6a0-42d2-9c45-4448195fff10
LTC,67.41167294,9010,45.43320895,COINBASE_SPOT_LTC_USD,SELL_ESTIMATED,2018-07-16T20:12:51.010328Z,2018-07-16T20:12:51.010328Z,trade,3cb8a4f3-58a3-4ca7-a83c-f659cb61f82e
LTC,67.12492456,9027,63.31810092,COINBASE_SPOT_LTC_USD,SELL_ESTIMATED,2018-07-16T20:12:51.393086Z,2018-07-16T20:12:51.393086Z,trade,c4bd6768-5c6b-4f46-a75c-ef3c160775dd
LTC,66.98246843,9087,42.22904223,COINBASE_SPOT_LTC_USD,SELL_ESTIMATED,2018-07-16T20:12:52.124568Z,2018-07-16T20:12:52.124568Z,trade,cd4d083e-5f0d-400d-a86b-649d92099308
ETH,553.1284253,9140,17.74685523,COINBASE_SPOT_ETH_USD,SELL,2018-07-16T20:12:52.898038Z,2018-07-16T20:12:52.898038Z,trade,95f62bf2-c693-4503-8681-9cbacd0fb463
LTC,66.91772596,9204,71.59532543,COINBASE_SPOT_LTC_USD,SELL_ESTIMATED,2018-07-16T20:12:53.580477Z,2018-07-16T20:12:53.580477Z,trade,4590f6cd-0fc1-4d47-a0c6-783ac0e40f56
LTC,62.07452787,9289,80.99217712,COINBASE_SPOT_LTC_USD,BUY,2018-07-16T20:12:53.893396Z,2018-07-16T20:12:53.893396Z,trade,cc655625-7eee-492a-a9a2-9dacd6796f02
LTC,64.32305993,9324,80.01121068,COINBASE_SPOT_LTC_USD,BUY_ESTIMATED,2018-07-16T20:12:54.335829Z,2018-07-16T20:12:54.335829Z,trade,1f5b2efb-cc96-4300-9cd3-5b530e0bd216
LTC,60.83704406,9424,78.45768071,COINBASE_SPOT_LTC_USD,SELL_ESTIMATED,2018-07-16T20:12:55.173221Z,2018-07-16T20:12:55.173221Z,trade,5181e7de-4535-4dd5-bb1f-a0f784bb33da
BTC,4617.711006,9465,67.71821496,COINBASE_SPOT_BTC_USD,SELL,2018-07-16T20:12:55.769089Z,2018-07-16T20:12:55.769089Z,trade,b729bd9d-0a24-4cca-bf67-cdb4cbd97651
LTC,62.525842,9542,47.28132895,COINBASE_SPOT_LTC_USD,SELL,2018-07-16T20:12:56.525002Z,2018-07-16T20:12:56.525002Z,trade,175ca937-7c37-4095-bddd-4fb105ef936a
ETH,567.2846102,9561,57.40145668,COINBASE_SPOT_ETH_USD,SELL,2018-07-16T20:12:56.957381Z,2018-07-16T20:12:56.957381Z,trade,bf570a14-3f4d-43b2-acf6-e8d2217b7a62
LTC,59.85134242,9629,84.75017155,COINBASE_SPOT_LTC_USD,BUY_ESTIMATED,2018-07-16T20:12:57.474903Z,2018-07-16T20:12:57.474903Z,trade,31e87c12-1868-4893-8df9-6476cc38c8ca
BTC,4836.859334,9702,82.13252562,COINBASE_SPOT_BTC_USD,SELL,2018-07-16T20:12:58.012424Z,2018-07-16T20:12:58.012424Z,trade,adfeaf3f-6002-40f8-8fbf-8eb9192e4225
LTC,52.95815224,9785,58.24042188,COINBASE_SPOT_LTC_USD,SELL_ESTIMATED,2018-07-16T20:12:58.453575Z,2018-07-16T20:12:58.453575Z,trade,52ba1247-516d-431c-97ca-e1db3bb64180
LTC,51.65817635,9831,4.944178766,COINBASE_SPOT_LTC_USD,SELL_ESTIMATED,2018-07-16T20:12:59.274572Z,2018-07-16T20:12:59.274572Z,trade,2498194b-ca7d-43b9-a833-f28d94c272d8
BTC,4907.788398,9894,6.153394828,COINBASE_SPOT_BTC_USD,BUY_ESTIMATED,2018-07-16T20:12:59.898326Z,2018-07-16T20:12:59.898326Z,trade,162409b0-ed17-4368-9161-46066daf3a3d
BTC,4961.547168,9923,70.07399249,COINBASE_SPOT_BTC_USD,SELL,2018-07-16T20:13:00.434758Z,2018-07-16T20:13:00.434758Z,trade,a76abf6b-a54a-4f68-aabd-4934ec2183fd
ETH,554.6483532,9938,22.72565248,COINBASE_SPOT_ETH_USD,BUY,2018-07-16T20:13:00.926743Z,2018-07-16T20:13:00.926743Z,trade,16128a59-de56-4b19-86b5-257d04d90ab1
ETH,528.4471618,9980,68.41038577,COINBASE_SPOT_ETH_USD,SELL_ESTIMATED,2018-07-16T20:13:01.399459Z,2018-07-16T20:13:01.399459Z,trade,a5ad76f6-da98-4f8f-a26a-b21cd8fa908a
LTC,50.83614088,10050,63.65867907,COINBASE_SPOT_LTC_USD,BUY_ESTIMATED,2018-07-16T20:13:02.199977Z,2018-07-16T20:13:02.199977Z,trade,241284a7-603d-4ce2-a547-e0f012a1e3da
BTC,4615.133989,10119,36.37877535,COINBASE_SPOT_BTC_USD,BUY_ESTIMATED,2018-07-16T20:13:03.037048Z,2018-07-16T20:13:03.037048Z,trade,56bd7f37-8add-4a57-bf73-a8465d3c6834
BTC,4365.770716,10133,59.52060547,COINBASE_SPOT_BTC_USD,SELL_ESTIMATED,2018-07-16T20:13:03.445334Z,2018-07-16T20:13:03.445334Z,trade,f45a2102-bd50-4b76-86b2-af520fdd5222
LTC,50.57360417,10166,70.7723388,COINBASE_SPOT_LTC_USD,SELL_ESTIMATED,2018-07-16T20:13:04.068979Z,2018-07-16T20:13:04.068979Z,trade,1bf42689-fa75-422d-8992-137ccbbea795
ETH,538.0259843,10231,23.4052257,COINBASE_SPOT_ETH_USD,SELL_ESTIMATED,2018-07-16T20:13:04.482590Z,2018-07-16T20:13:04.482590Z,trade,1e554b68-7267-4121-9880-71b3b2b0753a
LTC,49.84517482,10292,66.48735428,COINBASE_SPOT_LTC_USD,SELL_ESTIMATED,2018-07-16T20:13:05.289313Z,2018-07-16T20:13:05.289313Z,trade,e0370386-9b8d-4b42-aa93-827d27ae5ad1
ETH,525.2021071,10384,25.74219505,COINBASE_SPOT_ETH_USD,SELL,2018-07-16T20:13:06.000224Z,2018-07-16T20:13:06.000224Z,trade,e6c32d51-ef62-4dd0-bcf8-11c3feb7eb50
ETH,495.1669284,10469,34.09202127,COINBASE_SPOT_ETH_USD,SELL_ESTIMATED,2018-07-16T20:13:06.342511Z,2018-07-16T20:13:06.342511Z,trade,fbcc505d-9340-4792-9118-9a6be79de5da
BTC,4398.555366,10528,60.70448519,COINBASE_SPOT_BTC_USD,BUY_ESTIMATED,2018-07-16T20:13:07.178839Z,2018-07-16T20:13:07.178839Z,trade,49f7b164-e1ab-4bcf-9956-ad4ae0fbcf9a
LTC,49.34091261,10619,7.479712379,COINBASE_SPOT_LTC_USD,BUY,2018-07-16T20:13:07.766428Z,2018-07-16T20:13:07.766428Z,trade,1e4815be-4847-44de-8fbf-68b6d08b25d0
LTC,51.93555198,10646,90.62125964,COINBASE_SPOT_LTC_USD,SELL_ESTIMATED,2018-07-16T20:13:08.537057Z,2018-07-16T20:13:08.537057Z,trade,61ffd5e9-a1c1-4013-bc4c-d99c2e8545cf
ETH,529.7873161,10736,95.5303958,COINBASE_SPOT_ETH_USD,SELL,2018-07-16T20:13:08.897332Z,2018-07-16T20:13:08.897332Z,trade,0ffdc5be-1536-4c05-8b45-ec849809af9e
ETH,504.3203069,10765,4.156449097,COINBASE_SPOT_ETH_USD,SELL_ESTIMATED,2018-07-16T20:13:09.601748Z,2018-07-16T20:13:09.601748Z,trade,af21eb51-f011-4a5d-8f7a-83b1c580562a
LTC,50.2607651,10828,9.556753905,COINBASE_SPOT_LTC_USD,BUY_ESTIMATED,2018-07-16T20:13:09.905352Z,2018-07-16T20:13:09.905352Z,trade,bc006132-6e65-4394-a891-cc8253657ecb
LTC,50.51428244,10873,78.5069635,COINBASE_SPOT_LTC_USD,SELL_ESTIMATED,2018-07-16T20:13:10.805783Z,2018-07-16T20:13:10.805783Z,trade,4493e007-7187-4aff-89ad-8478d3d8d50f
LTC,56.75776021,10964,6.641160331,COINBASE_SPOT_LTC_USD,SELL_ESTIMATED,2018-07-16T20:13:11.152522Z,2018-07-16T20:13:11.152522Z,trade,a479dbbf-799d-4e64-8198-22d6c9ec131d
BTC,4553.095566,11063,32.54931555,COINBASE_SPOT_BTC_USD,SELL_ESTIMATED,2018-07-16T20:13:11.861259Z,2018-07-16T20:13:11.861259Z,trade,2ba39008-c01b-49a7-9f93-67ce78295001
ETH,522.5801173,11146,87.17733218,COINBASE_SPOT_ETH_USD,BUY_ESTIMATED,2018-07-16T20:13:12.385874Z,2018-07-16T20:13:12.385874Z,trade,ba1399f2-a7ab-476f-b457-d8c6e285826a
ETH,541.8214762,11220,25.87711623,COINBASE_SPOT_ETH_USD,SELL_ESTIMATED,2018-07-16T20:13:13.223222Z,2018-07-16T20:13:13.223222Z,trade,aadf5d3c-7cfe-4a45-9dcc-9bbedd0cc2dd
LTC,58.05247837,11307,74.7325281,COINBASE_SPOT_LTC_USD,SELL,2018-07-16T20:13:13.994932Z,2018-07-16T20:13:13.994932Z,trade,737962ef-c019-4059-8866-dcb0f227520e
LTC,61.78502604,11395,35.65562954,COINBASE_SPOT_LTC_USD,BUY_ESTIMATED,2018-07-16T20:13:14.594775Z,2018-07-16T20:13:14.594775Z,trade,fe205ce8-b1f5-4aca-93fd-5babc4dc1d3a
BTC,4593.683866,11482,35.59587365,COINBASE_SPOT_BTC_USD,BUY_ESTIMATED,2018-07-16T20:13:15.307178Z,2018-07-16T20:13:15.307178Z,trade,b3aac025-4c01-4680-a050-fae543b0e4e1
LTC,63.2158419,11532,81.12993761,COINBASE_SPOT_LTC_USD,SELL_ESTIMATED,2018-07-16T20:13:15.958536Z,2018-07-16T20:13:15.958536Z,trade,98bb5c33-1229-422d-9177-5d134c43e9e6
LTC,71.24968048,11607,2.515803714,COINBASE_SPOT_LTC_USD,SELL_ESTIMATED,2018-07-16T20:13:16.520949Z,2018-07-16T20:13:16.520949Z,trade,7af90b7e-2ba0-4eae-9530-1ec8c347ecaa
ETH,553.5468725,11612,32.98171865,COINBASE_SPOT_ETH_USD,SELL,2018-07-16T20:13:17.398095Z,2018-07-16T20:13:17.398095Z,trade,bd8f8115-0607-4522-a62e-ef010c75e3b5
ETH,574.8193344,11675,54.49893836,COINBASE_SPOT_ETH_USD,SELL_ESTIMATED,2018-07-16T20:13:18.122563Z,2018-07-16T20:13:18.122563Z,trade,befc139e-7fd0-411d-8801-5dd35c159283
LTC,65.6957597,11705,93.36428555,COINBASE_SPOT_LTC_USD,BUY_ESTIMATED,2018-07-16T20:13:18.824679Z,2018-07-16T20:13:18.824679Z,trade,c21356dd-07fa-4203-8c2c-3c37b6177cdd
LTC,70.08879248,11772,73.2485758,COINBASE_SPOT_LTC_USD,SELL,2018-07-16T20:13:19.235720Z,2018-07-16T20:13:19.235720Z,trade,46e007be-0e39-4da6-9dd2-35fc608aea31
LTC,70.62726682,11870,43.39766789,COINBASE_SPOT_LTC_USD,BUY,2018-07-16T20:13:19.958437Z,2018-07-16T20:13:19.958437Z,trade,a46f9a80-9579-427e-98e1-d766a5e360d1
BTC,5066.235242,11924,65.0027975,COINBASE_SPOT_BTC_USD,SELL,2018-07-16T20:13:20.718217Z,2018-07-16T20:13:20.718217Z,trade,5811a767-dbf2-46d9-93f1-dda7ec3bfdf0
LTC,74.0552268,12003,81.13339793,COINBASE_SPOT_LTC_USD,SELL,2018-07-16T20:13:21.475745Z,2018-07-16T20:13:21.475745Z,trade,d9926e35-9f31-450a-a4d0-d0468368e192
LTC,70.44733772,12045,75.19405028,COINBASE_SPOT_LTC_USD,SELL,2018-07-16T20:13:22.247872Z,2018-07-16T20:13:22.247872Z,trade,3812ff06-ef7a-4176-8aa0-7d2826832ab3
ETH,558.0427632,12132,34.34182076,COINBASE_SPOT_ETH_USD,SELL_ESTIMATED,2018-07-16T20:13:23.055519Z,2018-07-16T20:13:23.055519Z,trade,9f0c8643-0e54-40ea-b6d7-ba208471d539
ETH,595.7038749,12211,78.73457144,COINBASE_SPOT_ETH_USD,BUY_ESTIMATED,2018-07-16T20:13:23.623989Z,2018-07-16T20:13:23.623989Z,trade,f20b47b9-2ba1-4c86-8002-4082998e92ed
LTC,68.31143224,12262,20.93672888,COINBASE_SPOT_LTC_USD,BUY_ESTIMATED,2018-07-16T20:13:24.407864Z,2018-07-16T20:13:24.407864Z,trade,c8534c4a-5aa4-4cd7-a33c-5ae000e383d4
ETH,553.8948168,12360,84.18280606,COINBASE_SPOT_ETH_USD,SELL,2018-07-16T20:13:25.028333Z,2018-07-16T20:13:25.028333Z,trade,8bb08bf5-58f4-4a9a-a1ab-4a4db1c1a037
LTC,66.73639115,12385,37.56547914,COINBASE_SPOT_LTC_USD,SELL,2018-07-16T20:13:25.551864Z,2018-07-16T20:13:25.551864Z,trade,f3a971bb-8183-40e5-abc1-0df9300501e7
ETH,536.4405662,12477,13.03378174,COINBASE_SPOT_ETH_USD,SELL,2018-07-16T20:13:26.349115Z,2018-07-16T20:13:26.349115Z,trade,a83fca71-ee74-49ed-8967-dba2833158b2
ETH,538.8114561,12562,71.87457632,COINBASE_SPOT_ETH_USD,BUY_ESTIMATED,2018-07-16T20:13:26.806414Z,2018-07-16T20:13:26.806414Z,trade,8c10f520-d105-4cb9-bfe3-dd367711e145
BTC,4803.544634,12638,62.69483068,COINBASE_SPOT_BTC_USD,BUY,2018-07-16T20:13:27.330966Z,2018-07-16T20:13:27.330966Z,trade,8777c31d-b7d1-41fa-969d-88d588000546
ETH,542.1427869,12715,56.74842006,COINBASE_SPOT_ETH_USD,BUY_ESTIMATED,2018-07-16T20:13:27.661042Z,2018-07-16T20:13:27.661042Z,trade,730f60da-4c5b-46fc-a7b0-4c5ea970cf92
BTC,4792.909802,12758,27.56398801,COINBASE_SPOT_BTC_USD,SELL,2018-07-16T20:13:28.453921Z,2018-07-16T20:13:28.453921Z,trade,4ea403e9-f9ac-4f28-9155-6823947b2dfb
LTC,68.81507106,12781,62.58884471,COINBASE_SPOT_LTC_USD,SELL,2018-07-16T20:13:29.142693Z,2018-07-16T20:13:29.142693Z,trade,fcd90ded-5ede-4eab-92e3-5f52c28f9718
ETH,556.8735528,12795,15.96260849,COINBASE_SPOT_ETH_USD,SELL,2018-07-16T20:13:29.695127Z,2018-07-16T20:13:29.695127Z,trade,effce045-3d17-40dc-8c6a-576f5646eb31
ETH,572.6079024,12804,49.58637259,COINBASE_SPOT_ETH_USD,SELL_ESTIMATED,2018-07-16T20:13:30.128423Z,2018-07-16T20:13:30.128423Z,trade,18b0ebf3-6ad2-46f6-8b22-e10cc1c24b0a
LTC,66.22323812,12819,51.57917907,COINBASE_SPOT_LTC_USD,BUY,2018-07-16T20:13:30.859991Z,2018-07-16T20:13:30.859991Z,trade,f5130fbb-64cd-4063-8746-62b21e06cce1
LTC,70.92491481,12910,19.0646215,COINBASE_SPOT_LTC_USD,BUY_ESTIMATED,2018-07-16T20:13:31.377810Z,2018-07-16T20:13:31.377810Z,trade,2f4e8ab1-f2ba-46f0-8be6-5bcc562f101c
BTC,5039.167469,12929,12.43580571,COINBASE_SPOT_BTC_USD,BUY,2018-07-16T20:13:32.158675Z,2018-07-16T20:13:32.158675Z,trade,75848865-70fe-4842-a237-905287c5a3af
LTC,70.43931139,12978,62.4318078,COINBASE_SPOT_LTC_USD,SELL,2018-07-16T20:13:32.675513Z,2018-07-16T20:13:32.675513Z,trade,d76c234e-5876-47fa-912a-d0a3404fbd49
ETH,590.9836695,13058,75.24564994,COINBASE_SPOT_ETH_USD,BUY,2018-07-16T20:13:33.479483Z,2018-07-16T20:13:33.479483Z,trade,b8f7bc75-1b89-47b2-a6f9-4146bf9055fc
BTC,4798.519093,13146,7.345382271,COINBASE_SPOT_BTC_USD,BUY_ESTIMATED,2018-07-16T20:13:33.920463Z,2018-07-16T20:13:33.920463Z,trade,dc4706bf-c7b5-496f-a9ba-6f0e6a77da9a
BTC,4645.365669,13183,6.828207555,COINBASE_SPOT_BTC_USD,SELL,2018-07-16T20:13:34.461376Z,2018-07-16T20:13:34.461376Z,trade,29b95176-b99b-47c5-82b9-462212795346
ETH,652.1089406,13224,18.78592001,COINBASE_SPOT_ETH_USD,BUY,2018-07-16T20:13:35.069195Z,2018-07-16T20:13:35.069195Z,trade,9582cacd-c5dc-449b-9e89-a56a0ce73936
ETH,647.5363894,13225,4.491712009,COINBASE_SPOT_ETH_USD,SELL_ESTIMATED,2018-07-16T20:13:35.574703Z,2018-07-16T20:13:35.574703Z,trade,0eaae427-2127-47c6-ae6b-a082c6216b11
BTC,4583.466237,13286,27.88694959,COINBASE_SPOT_BTC_USD,BUY_ESTIMATED,2018-07-16T20:13:36.038157Z,2018-07-16T20:13:36.038157Z,trade,8c2ef62d-c017-4e82-974d-666293319ba8
BTC,4891.565394,13351,66.13237077,COINBASE_SPOT_BTC_USD,BUY,2018-07-16T20:13:36.848940Z,2018-07-16T20:13:36.848940Z,trade,d1b94940-a346-4472-a84b-ebb1ca94093d
LTC,67.81838395,13444,98.49405812,COINBASE_SPOT_LTC_USD,BUY_ESTIMATED,2018-07-16T20:13:37.715489Z,2018-07-16T20:13:37.715489Z,trade,b67f53f6-5bc8-4b89-a97a-151fd2cdf7e4
BTC,4982.844215,13531,27.68608371,COINBASE_SPOT_BTC_USD,BUY,2018-07-16T20:13:38.045180Z,2018-07-16T20:13:38.045180Z,trade,d0e8246d-527e-4718-bc4a-1aa508673183
LTC,71.00775821,13572,26.36640107,COINBASE_SPOT_LTC_USD,BUY,2018-07-16T20:13:38.611924Z,2018-07-16T20:13:38.611924Z,trade,ae461ee8-7ca1-4301-bcb5-de38db8f05ca
LTC,66.06889466,13647,80.63759717,COINBASE_SPOT_LTC_USD,SELL,2018-07-16T20:13:39.253636Z,2018-07-16T20:13:39.253636Z,trade,c842f9bd-be78-4e70-a2ed-8806b8eddc7b
ETH,683.5142304,13700,64.29284033,COINBASE_SPOT_ETH_USD,SELL_ESTIMATED,2018-07-16T20:13:40.061395Z,2018-07-16T20:13:40.061395Z,trade,56871de3-6ab2-4817-a069-c3015f7ca9e9
BTC,5453.23935,13761,95.77349765,COINBASE_SPOT_BTC_USD,BUY_ESTIMATED,2018-07-16T20:13:40.390471Z,2018-07-16T20:13:40.390471Z,trade,2443bed3-bb9d-405d-9284-5bf451581adc
BTC,5669.896342,13785,38.2994332,COINBASE_SPOT_BTC_USD,SELL,2018-07-16T20:13:40.728458Z,2018-07-16T20:13:40.728458Z,trade,2711abbe-ca37-41b4-9805-c6ce206238a3
ETH,693.0985177,13872,24.52918181,COINBASE_SPOT_ETH_USD,SELL_ESTIMATED,2018-07-16T20:13:41.493166Z,2018-07-16T20:13:41.493166Z,trade,42922460-2ed8-4586-b2dd-1fd72647d0cc
BTC,5764.44436,13920,0.542196529,COINBASE_SPOT_BTC_USD,SELL_ESTIMATED,2018-07-16T20:13:42.382226Z,2018-07-16T20:13:42.382226Z,trade,fb3f98dd-ecf4-48a5-953a-852014a680c7
LTC,64.91005964,13986,92.75427676,COINBASE_SPOT_LTC_USD,SELL,2018-07-16T20:13:42.721223Z,2018-07-16T20:13:42.721223Z,trade,28124aea-5c28-4079-8452-cabc8e7a68dc
LTC,59.84939616,14019,15.60329186,COINBASE_SPOT_LTC_USD,SELL,2018-07-16T20:13:43.185866Z,2018-07-16T20:13:43.185866Z,trade,2ee3f591-7a97-4a63-abf4-3af4993a363c
ETH,689.6421093,14062,77.17606576,COINBASE_SPOT_ETH_USD,BUY,2018-07-16T20:13:43.843316Z,2018-07-16T20:13:43.843316Z,trade,8ed11656-aed7-4327-80ec-5b705504fe06
ETH,690.0511379,14126,73.65907296,COINBASE_SPOT_ETH_USD,SELL,2018-07-16T20:13:44.598773Z,2018-07-16T20:13:44.598773Z,trade,c1be2f4b-bfae-4480-8952-f31f3a426191
BTC,6036.021993,14197,12.17261224,COINBASE_SPOT_BTC_USD,BUY_ESTIMATED,2018-07-16T20:13:45.420214Z,2018-07-16T20:13:45.420214Z,trade,001e6231-457f-4e96-bad4-3150d4add1b7
BTC,5324.604213,14290,63.68960343,COINBASE_SPOT_BTC_USD,SELL,2018-07-16T20:13:46.128668Z,2018-07-16T20:13:46.128668Z,trade,db75f5a0-9806-4941-9f1a-b04d07aa5bca
LTC,59.0094856,14329,38.69931755,COINBASE_SPOT_LTC_USD,BUY,2018-07-16T20:13:46.880850Z,2018-07-16T20:13:46.880850Z,trade,3b164547-ee31-4187-83fa-b3c03de449a3
ETH,726.2871553,14389,53.66587947,COINBASE_SPOT_ETH_USD,BUY,2018-07-16T20:13:47.366313Z,2018-07-16T20:13:47.366313Z,trade,5b008197-ae87-4e59-8047-f9b8cb6caaec
BTC,5544.317251,14453,46.16818252,COINBASE_SPOT_BTC_USD,BUY,2018-07-16T20:13:48.109646Z,2018-07-16T20:13:48.109646Z,trade,8543abf4-2e4b-4791-ba39-f96f9855226e
BTC,5365.318302,14473,89.7753018,COINBASE_SPOT_BTC_USD,BUY_ESTIMATED,2018-07-16T20:13:48.438825Z,2018-07-16T20:13:48.438825Z,trade,23fa47ad-fae1-4364-9521-f8cd827ca71d
BTC,5141.913104,14500,5.028550749,COINBASE_SPOT_BTC_USD,SELL,2018-07-16T20:13:48.782303Z,2018-07-16T20:13:48.782303Z,trade,e5c5f43b-5b15-4770-92ab-b9c194164166
BTC,5028.825163,14535,68.46106455,COINBASE_SPOT_BTC_USD,SELL,2018-07-16T20:13:49.677826Z,2018-07-16T20:13:49.677826Z,trade,3e264dc2-22ee-4f55-9504-692c6edfca0d
ETH,812.2738817,14625,99.47646336,COINBASE_SPOT_ETH_USD,BUY,2018-07-16T20:13:50.300300Z,2018-07-16T20:13:50.300300Z,trade,de4d593a-bdfb-4532-9414-997c3485eeb7
BTC,4938.736123,14670,84.43174779,COINBASE_SPOT_BTC_USD,BUY_ESTIMATED,2018-07-16T20:13:51.168279Z,2018-07-16T20:13:51.168279Z,trade,5fbaf3a9-2071-4764-9edf-d8b5d6afc3ed
ETH,797.6930736,14700,53.16966991,COINBASE_SPOT_ETH_USD,SELL_ESTIMATED,2018-07-16T20:13:51.474042Z,2018-07-16T20:13:51.474042Z,trade,108552d0-745f-417c-9b72-18858dcdbe7d
BTC,5328.989498,14709,60.17522736,COINBASE_SPOT_BTC_USD,SELL,2018-07-16T20:13:51.936985Z,2018-07-16T20:13:51.936985Z,trade,cdd81d6f-ed2a-40ac-a684-8b5278f608ff
BTC,5442.89682,14764,35.77021235,COINBASE_SPOT_BTC_USD,BUY_ESTIMATED,2018-07-16T20:13:52.604019Z,2018-07-16T20:13:52.604019Z,trade,2608e7b4-61f8-4f38-97d1-d0fb01740a49
LTC,58.80806288,14848,27.59746402,COINBASE_SPOT_LTC_USD,BUY_ESTIMATED,2018-07-16T20:13:53.200575Z,2018-07-16T20:13:53.200575Z,trade,e8a4f8bb-7d6d-4f19-b79a-c14380744181
ETH,726.505872,14948,41.11940398,COINBASE_SPOT_ETH_USD,BUY,2018-07-16T20:13:53.810921Z,2018-07-16T20:13:53.810921Z,trade,38e91b63-8738-4f9f-9515-86861ce99abc
ETH,729.4772066,15041,66.05633264,COINBASE_SPOT_ETH_USD,BUY_ESTIMATED,2018-07-16T20:13:54.477427Z,2018-07-16T20:13:54.477427Z,trade,0aaa3126-5318-4c14-be47-b1f9241d3a4b
ETH,732.5419348,15137,33.78380367,COINBASE_SPOT_ETH_USD,SELL,2018-07-16T20:13:55.315409Z,2018-07-16T20:13:55.315409Z,trade,a983edaf-e8aa-4b76-913f-26790a46e6a0
LTC,59.9372567,15194,32.75049149,COINBASE_SPOT_LTC_USD,BUY_ESTIMATED,2018-07-16T20:13:55.837306Z,2018-07-16T20:13:55.837306Z,trade,1e2d1adc-dff0-4376-b1d3-20d5623e68be
BTC,5328.148994,15208,87.44239584,COINBASE_SPOT_BTC_USD,SELL,2018-07-16T20:13:56.527165Z,2018-07-16T20:13:56.527165Z,trade,7f2228ac-514b-447a-92e1-c58b66c5eacf
LTC,58.33068211,15240,51.38816386,COINBASE_SPOT_LTC_USD,SELL_ESTIMATED,2018-07-16T20:13:57.249350Z,2018-07-16T20:13:57.249350Z,trade,3538782e-f7f8-456d-a45c-98576ae5667b
BTC,5794.197267,15295,99.48502909,COINBASE_SPOT_BTC_USD,SELL_ESTIMATED,2018-07-16T20:13:57.636806Z,2018-07-16T20:13:57.636806Z,trade,9e0329c5-c44f-4769-87bd-46ba523125b0
ETH,671.2573159,15310,44.35237182,COINBASE_SPOT_ETH_USD,SELL,2018-07-16T20:13:58.462793Z,2018-07-16T20:13:58.462793Z,trade,b67a1629-2651-4296-a9f8-0d0636c6ca37
ETH,582.4557858,15376,80.17242118,COINBASE_SPOT_ETH_USD,SELL_ESTIMATED,2018-07-16T20:13:58.763091Z,2018-07-16T20:13:58.763091Z,trade,38db0b5a-e50e-4a91-8784-b3ed4c386175
BTC,5160.984145,15427,26.85512564,COINBASE_SPOT_BTC_USD,SELL_ESTIMATED,2018-07-16T20:13:59.147883Z,2018-07-16T20:13:59.147883Z,trade,ab5ead46-8c8e-42f2-88cc-51a28440c1d5
ETH,552.5301233,15440,55.94946193,COINBASE_SPOT_ETH_USD,BUY_ESTIMATED,2018-07-16T20:13:59.819108Z,2018-07-16T20:13:59.819108Z,trade,6bcd42d2-2c41-4bc3-b1b9-2108eb6e9cc8
LTC,57.00687179,15452,63.45240192,COINBASE_SPOT_LTC_USD,SELL_ESTIMATED,2018-07-16T20:14:00.265027Z,2018-07-16T20:14:00.265027Z,trade,6e9495fe-54ce-4d34-8fe7-6f081d80ed15
ETH,548.4621895,15489,6.673556097,COINBASE_SPOT_ETH_USD,BUY_ESTIMATED,2018-07-16T20:14:00.745446Z,2018-07-16T20:14:00.745446Z,trade,89ea041e-3e87-4ed9-91a6-9defb0df60f6
LTC,57.52458641,15491,12.04941811,COINBASE_SPOT_LTC_USD,SELL_ESTIMATED,2018-07-16T20:14:01.561009Z,2018-07-16T20:14:01.561009Z,trade,97c6d484-8ed9-4bc9-a502-a4a35c4931c5
ETH,550.2553509,15517,51.32522747,COINBASE_SPOT_ETH_USD,BUY_ESTIMATED,2018-07-16T20:14:02.202525Z,2018-07-16T20:14:02.202525Z,trade,0652fa65-be54-43e8-9abf-e2ab48517177
BTC,5342.916819,15527,70.76520972,COINBASE_SPOT_BTC_USD,SELL,2018-07-16T20:14:02.662885Z,2018-07-16T20:14:02.662885Z,trade,18e7050f-c7d3-4237-bfa6-ef392dbba591
ETH,548.7423237,15590,23.97904377,COINBASE_SPOT_ETH_USD,SELL,2018-07-16T20:14:03.212622Z,2018-07-16T20:14:03.212622Z,trade,0a835913-2bee-49b5-b8a0-813f74c3fa94
ETH,525.1240865,15620,47.06360643,COINBASE_SPOT_ETH_USD,BUY,2018-07-16T20:14:03.724564Z,2018-07-16T20:14:03.724564Z,trade,52907794-15d1-470e-89e8-bee8ae5cb0c3
BTC,5271.241717,15698,80.06518361,COINBASE_SPOT_BTC_USD,SELL,2018-07-16T20:14:04.559419Z,2018-07-16T20:14:04.559419Z,trade,b81118f8-219f-4c1a-9b8a-e9696f7c5861
ETH,518.8094524,15760,94.13558848,COINBASE_SPOT_ETH_USD,BUY,2018-07-16T20:14:04.863766Z,2018-07-16T20:14:04.863766Z,trade,6d6d99d3-f083-4db7-9550-1070f0650a81
LTC,57.26883045,15798,80.50623929,COINBASE_SPOT_LTC_USD,SELL,2018-07-16T20:14:05.402612Z,2018-07-16T20:14:05.402612Z,trade,ae2b8626-3a91-41de-96f6-eec69099fdc6
LTC,52.44419205,15844,34.27430725,COINBASE_SPOT_LTC_USD,SELL,2018-07-16T20:14:06.054915Z,2018-07-16T20:14:06.054915Z,trade,bc19b17d-6854-42ef-9d93-840d2fc0d347
LTC,53.76694971,15871,95.68510296,COINBASE_SPOT_LTC_USD,BUY,2018-07-16T20:14:06.464328Z,2018-07-16T20:14:06.464328Z,trade,32cebda8-3cf5-4dee-9fea-4f2b0e37c1a7
ETH,537.1736382,15889,3.454916658,COINBASE_SPOT_ETH_USD,SELL_ESTIMATED,2018-07-16T20:14:07.067070Z,2018-07-16T20:14:07.067070Z,trade,d40f3537-6962-4fc6-b96b-a04a627f4029
ETH,557.4210345,15900,70.05764876,COINBASE_SPOT_ETH_USD,BUY_ESTIMATED,2018-07-16T20:14:07.389878Z,2018-07-16T20:14:07.389878Z,trade,a176306f-f7bd-4ed8-b605-a6b5117e8c17
ETH,525.9293484,15912,74.24662444,COINBASE_SPOT_ETH_USD,SELL_ESTIMATED,2018-07-16T20:14:08.102607Z,2018-07-16T20:14:08.102607Z,trade,d14e2c58-a48c-4126-8f63-bf8d998ca180
BTC,5830.642826,15975,34.75602635,COINBASE_SPOT_BTC_USD,SELL,2018-07-16T20:14:08.906039Z,2018-07-16T20:14:08.906039Z,trade,e393d5cd-00a4-4caf-94ad-a39482f02b18
LTC,50.32770309,15993,48.15696643,COINBASE_SPOT_LTC_USD,SELL_ESTIMATED,2018-07-16T20:14:09.373349Z,2018-07-16T20:14:09.373349Z,trade,9f68f425-7632-4833-bacb-c7b92976283f
BTC,6031.508607,16087,48.19658879,COINBASE_SPOT_BTC_USD,SELL_ESTIMATED,2018-07-16T20:14:10.229475Z,2018-07-16T20:14:10.229475Z,trade,579711c3-e982-4b70-afb2-7d2bb8d658c6
ETH,558.971347,16090,16.25021285,COINBASE_SPOT_ETH_USD,SELL_ESTIMATED,2018-07-16T20:14:10.719277Z,2018-07-16T20:14:10.719277Z,trade,810c718b-20b6-44e8-8837-ac9f5da517c7
ETH,594.6994825,16128,22.10608457,COINBASE_SPOT_ETH_USD,BUY,2018-07-16T20:14:11.565447Z,2018-07-16T20:14:11.565447Z,trade,e8c3b6dd-70c7-4e6d-8050-6adf9c23b3de
LTC,48.44084309,16143,85.28718824,COINBASE_SPOT_LTC_USD,BUY,2018-07-16T20:14:12.261221Z,2018-07-16T20:14:12.261221Z,trade,4ae838a8-49f6-49cb-9d5b-cd6beb13b967
LTC,46.42336319,16161,18.97088192,COINBASE_SPOT_LTC_USD,BUY,2018-07-16T20:14:12.838567Z,2018-07-16T20:14:12.838567Z,trade,f4eada51-3aff-4f1b-b438-8cf304e5906c
LTC,45.42124735,16168,55.13197338,COINBASE_SPOT_LTC_USD,BUY,2018-07-16T20:14:13.239060Z,2018-07-16T20:14:13.239060Z,trade,e331d9ef-a3ed-4cfe-9bf1-88fd88123a24
LTC,43.48669067,16179,0.734078407,COINBASE_SPOT_LTC_USD,BUY,2018-07-16T20:14:13.593569Z,2018-07-16T20:14:13.593569Z,trade,9e3967c3-e462-46e7-b541-b071de23074e
ETH,547.9960666,16258,85.46628752,COINBASE_SPOT_ETH_USD,SELL_ESTIMATED,2018-07-16T20:14:14.380759Z,2018-07-16T20:14:14.380759Z,trade,6c8d0603-c93c-4977-a4d8-3b803336aaa5
BTC,5570.223668,16320,75.44150767,COINBASE_SPOT_BTC_USD,SELL_ESTIMATED,2018-07-16T20:14:14.888383Z,2018-07-16T20:14:14.888383Z,trade,d55b6a9f-b4fd-4837-912c-9000e36570f1
LTC,41.70498907,16370,63.35268182,COINBASE_SPOT_LTC_USD,SELL_ESTIMATED,2018-07-16T20:14:15.525778Z,2018-07-16T20:14:15.525778Z,trade,319c67b9-61b8-4b26-bbba-88ac90b29afc
BTC,5806.357414,16422,21.82610491,COINBASE_SPOT_BTC_USD,BUY,2018-07-16T20:14:15.842178Z,2018-07-16T20:14:15.842178Z,trade,b3ab0f5e-4444-41b0-b17b-6082c4c2e4a7
ETH,546.7811237,16502,6.66107101,COINBASE_SPOT_ETH_USD,BUY,2018-07-16T20:14:16.540638Z,2018-07-16T20:14:16.540638Z,trade,3ec1e6b5-a6ca-46ac-ad13-5846bfbab376
BTC,6002.654911,16574,64.13898172,COINBASE_SPOT_BTC_USD,SELL,2018-07-16T20:14:17.260731Z,2018-07-16T20:14:17.260731Z,trade,8a904ba1-9fe4-454a-adc6-3f0a85dd090e
ETH,550.572814,16575,26.81106532,COINBASE_SPOT_ETH_USD,BUY,2018-07-16T20:14:18.134917Z,2018-07-16T20:14:18.134917Z,trade,6e33b5b6-8765-46a1-8c4f-d911f1b88f62
ETH,584.6597385,16582,16.29789661,COINBASE_SPOT_ETH_USD,SELL,2018-07-16T20:14:18.969298Z,2018-07-16T20:14:18.969298Z,trade,1c303ade-b928-4315-8557-6f4c6d76a98e
ETH,544.8466118,16635,12.21493456,COINBASE_SPOT_ETH_USD,BUY,2018-07-16T20:14:19.543617Z,2018-07-16T20:14:19.543617Z,trade,5883266a-c6c4-434f-8e51-465ceeb3134d
BTC,6185.989529,16636,80.73090234,COINBASE_SPOT_BTC_USD,SELL_ESTIMATED,2018-07-16T20:14:20.124520Z,2018-07-16T20:14:20.124520Z,trade,e9324f9c-c666-4d6c-a45f-a9e37b2fee5b
LTC,42.47963717,16680,26.36713316,COINBASE_SPOT_LTC_USD,SELL,2018-07-16T20:14:21.022554Z,2018-07-16T20:14:21.022554Z,trade,0a394812-af6e-4363-a572-80b53db99815
LTC,42.27537772,16734,23.34046311,COINBASE_SPOT_LTC_USD,SELL,2018-07-16T20:14:21.780199Z,2018-07-16T20:14:21.780199Z,trade,81cc413f-3d30-43ec-92f3-0ffca4c3ec7f
ETH,554.6477199,16740,87.31007973,COINBASE_SPOT_ETH_USD,SELL,2018-07-16T20:14:22.227893Z,2018-07-16T20:14:22.227893Z,trade,ec6e615e-42c1-4788-885d-80e6ed080f68
BTC,6050.427069,16769,74.92195272,COINBASE_SPOT_BTC_USD,BUY_ESTIMATED,2018-07-16T20:14:22.878106Z,2018-07-16T20:14:22.878106Z,trade,2343ad38-d81c-424c-874b-88b4fefea398
LTC,44.63817777,16821,25.09062543,COINBASE_SPOT_LTC_USD,BUY,2018-07-16T20:14:23.778662Z,2018-07-16T20:14:23.778662Z,trade,637f0cc8-2156-4b37-bd08-cd89a332fc1b
ETH,560.9462945,16850,24.66628394,COINBASE_SPOT_ETH_USD,SELL,2018-07-16T20:14:24.203118Z,2018-07-16T20:14:24.203118Z,trade,e3a7dedf-6c66-4f2b-9daa-9044d13f831e
LTC,48.62913883,16913,37.90004641,COINBASE_SPOT_LTC_USD,BUY,2018-07-16T20:14:24.527294Z,2018-07-16T20:14:24.527294Z,trade,6f071168-24b8-4dc4-af00-d341220ecbb7
BTC,6372.867354,16930,99.00672438,COINBASE_SPOT_BTC_USD,SELL,2018-07-16T20:14:25.315834Z,2018-07-16T20:14:25.315834Z,trade,a8033652-cf21-445b-aa91-ee98330f1613
LTC,48.98818699,16996,21.5826655,COINBASE_SPOT_LTC_USD,SELL_ESTIMATED,2018-07-16T20:14:26.083816Z,2018-07-16T20:14:26.083816Z,trade,7a2d233f-0b26-4496-81e2-3af4fcd81685
LTC,44.94559357,17036,70.78306883,COINBASE_SPOT_LTC_USD,SELL,2018-07-16T20:14:26.815266Z,2018-07-16T20:14:26.815266Z,trade,bf8c6bcb-371e-4383-bbbe-5f9690954804
BTC,6344.634293,17044,14.03207762,COINBASE_SPOT_BTC_USD,BUY_ESTIMATED,2018-07-16T20:14:27.557463Z,2018-07-16T20:14:27.557463Z,trade,ab076618-5459-4404-b1fb-ee845b6fb888
BTC,6051.104013,17048,38.6492921,COINBASE_SPOT_BTC_USD,SELL_ESTIMATED,2018-07-16T20:14:28.179592Z,2018-07-16T20:14:28.179592Z,trade,093f3833-270b-4b47-997a-3c7be484866a
BTC,5531.737215,17140,6.686977635,COINBASE_SPOT_BTC_USD,SELL_ESTIMATED,2018-07-16T20:14:28.535203Z,2018-07-16T20:14:28.535203Z,trade,ed957ad6-b199-42fb-b988-e49f0fa5b6df
LTC,43.98386307,17240,79.95747987,COINBASE_SPOT_LTC_USD,BUY,2018-07-16T20:14:28.979943Z,2018-07-16T20:14:28.979943Z,trade,55ca1c03-59e5-4d51-bca8-53b91c4a325d
ETH,553.2142177,17338,36.16187382,COINBASE_SPOT_ETH_USD,SELL_ESTIMATED,2018-07-16T20:14:29.837143Z,2018-07-16T20:14:29.837143Z,trade,b60b713b-a047-441a-86ff-063522179676
LTC,45.60033442,17353,59.24860554,COINBASE_SPOT_LTC_USD,SELL,2018-07-16T20:14:30.372095Z,2018-07-16T20:14:30.372095Z,trade,5c5d00cf-530a-4cb8-9c79-4bd6d1299c7a
BTC,5586.76459,17398,6.34175474,COINBASE_SPOT_BTC_USD,SELL_ESTIMATED,2018-07-16T20:14:31.113945Z,2018-07-16T20:14:31.113945Z,trade,fdd6c483-92aa-4f54-b69a-214de8238135
LTC,45.10506753,17485,78.27148379,COINBASE_SPOT_LTC_USD,BUY_ESTIMATED,2018-07-16T20:14:31.945425Z,2018-07-16T20:14:31.945425Z,trade,0ebcc1f7-3065-4b4b-b719-0d85642eb834
BTC,5108.296212,17568,51.49638833,COINBASE_SPOT_BTC_USD,BUY,2018-07-16T20:14:32.255594Z,2018-07-16T20:14:32.255594Z,trade,a8713cb5-ee83-4d2a-8235-287805c7154e
LTC,46.13495336,17606,35.0881607,COINBASE_SPOT_LTC_USD,BUY_ESTIMATED,2018-07-16T20:14:32.863432Z,2018-07-16T20:14:32.863432Z,trade,198872d7-3cb1-492a-9ab7-02236ec9e4b9
LTC,43.99710838,17703,36.85253949,COINBASE_SPOT_LTC_USD,SELL_ESTIMATED,2018-07-16T20:14:33.458423Z,2018-07-16T20:14:33.458423Z,trade,6633b4e8-2011-41a6-ab35-cfd321f7232f
LTC,43.34946074,17768,67.74905627,COINBASE_SPOT_LTC_USD,SELL_ESTIMATED,2018-07-16T20:14:33.922523Z,2018-07-16T20:14:33.922523Z,trade,dda41f26-9598-4f70-9ef8-fe15aadc3921
BTC,5079.323781,17824,36.14570971,COINBASE_SPOT_BTC_USD,SELL_ESTIMATED,2018-07-16T20:14:34.346833Z,2018-07-16T20:14:34.346833Z,trade,b38151db-d298-4347-9604-b7220940f4f7
BTC,4750.659246,17919,43.93231091,COINBASE_SPOT_BTC_USD,SELL_ESTIMATED,2018-07-16T20:14:34.807432Z,2018-07-16T20:14:34.807432Z,trade,34582f2a-9ad5-4994-875d-9c58faeea266
ETH,531.1640031,17991,75.90907531,COINBASE_SPOT_ETH_USD,BUY_ESTIMATED,2018-07-16T20:14:35.524052Z,2018-07-16T20:14:35.524052Z,trade,fb8919c8-9bd5-44eb-a477-506ebd3011f1
LTC,44.74769401,18069,16.30961675,COINBASE_SPOT_LTC_USD,BUY,2018-07-16T20:14:36.104831Z,2018-07-16T20:14:36.104831Z,trade,60123fc0-b726-4a8e-a2ae-c9ee72787700
ETH,516.362492,18113,92.38819965,COINBASE_SPOT_ETH_USD,SELL,2018-07-16T20:14:36.407248Z,2018-07-16T20:14:36.407248Z,trade,be343f30-3d81-4f56-b00b-64c96884ee8d
LTC,46.44571274,18195,84.05871096,COINBASE_SPOT_LTC_USD,SELL,2018-07-16T20:14:37.244819Z,2018-07-16T20:14:37.244819Z,trade,efb4c952-d5d9-415a-8ddf-8ddbcf893021
ETH,524.1406221,18258,19.25936608,COINBASE_SPOT_ETH_USD,BUY_ESTIMATED,2018-07-16T20:14:37.606303Z,2018-07-16T20:14:37.606303Z,trade,5810ab68-d1bd-4916-9a5c-d10a98789517
LTC,48.49476373,18281,11.43326651,COINBASE_SPOT_LTC_USD,BUY_ESTIMATED,2018-07-16T20:14:38.294765Z,2018-07-16T20:14:38.294765Z,trade,fb31f6b6-10c3-4d52-a2ca-85ce520b89b0
ETH,534.7558352,18357,30.88358483,COINBASE_SPOT_ETH_USD,BUY_ESTIMATED,2018-07-16T20:14:38.725217Z,2018-07-16T20:14:38.725217Z,trade,bf1be550-a9ae-458a-be70-e13d07e37213
BTC,4154.045847,18419,87.59913873,COINBASE_SPOT_BTC_USD,SELL_ESTIMATED,2018-07-16T20:14:39.359208Z,2018-07-16T20:14:39.359208Z,trade,4f26a18b-2cc2-42ef-b2c5-0fb353be33b4
LTC,52.12705921,18439,2.265964738,COINBASE_SPOT_LTC_USD,SELL,2018-07-16T20:14:40.073426Z,2018-07-16T20:14:40.073426Z,trade,24074a46-72cf-4572-9d2b-9fa2c62967d1
BTC,4425.066284,18508,75.05842125,COINBASE_SPOT_BTC_USD,BUY,2018-07-16T20:14:40.632765Z,2018-07-16T20:14:40.632765Z,trade,33099afa-f1be-4a23-99ee-e7ea5c032986
ETH,539.7919666,18568,95.39710735,COINBASE_SPOT_ETH_USD,BUY_ESTIMATED,2018-07-16T20:14:40.955170Z,2018-07-16T20:14:40.955170Z,trade,082e2cd2-aa4f-4da4-b4d6-7df4a2698404
BTC,4064.320035,18606,10.27437178,COINBASE_SPOT_BTC_USD,BUY_ESTIMATED,2018-07-16T20:14:41.785948Z,2018-07-16T20:14:41.785948Z,trade,db028e11-695c-4ba8-b7e7-162bc5cd08a2
LTC,47.32538181,18684,82.67810902,COINBASE_SPOT_LTC_USD,BUY,2018-07-16T20:14:42.275592Z,2018-07-16T20:14:42.275592Z,trade,5be7ea3d-0ce5-40ee-b2f5-0655559e7d23
LTC,47.17111351,18763,48.62603428,COINBASE_SPOT_LTC_USD,SELL,2018-07-16T20:14:42.940745Z,2018-07-16T20:14:42.940745Z,trade,bf05ccf2-be3d-4287-9676-90887f70d569
LTC,49.01810163,18834,69.50162519,COINBASE_SPOT_LTC_USD,BUY_ESTIMATED,2018-07-16T20:14:43.262258Z,2018-07-16T20:14:43.262258Z,trade,9bf633c0-3f7b-4cfb-bc12-55b091676117
ETH,511.2929071,18841,90.09892649,COINBASE_SPOT_ETH_USD,BUY,2018-07-16T20:14:43.629752Z,2018-07-16T20:14:43.629752Z,trade,8435df30-7671-4b91-af9e-e308ce5c4975
BTC,3844.42164,18842,6.070708273,COINBASE_SPOT_BTC_USD,BUY_ESTIMATED,2018-07-16T20:14:44.284870Z,2018-07-16T20:14:44.284870Z,trade,f34f6cf4-b886-407d-b298-087cf7ccb71a
LTC,51.2208304,18913,18.10041681,COINBASE_SPOT_LTC_USD,BUY_ESTIMATED,2018-07-16T20:14:44.662709Z,2018-07-16T20:14:44.662709Z,trade,1c4c6494-346c-40c9-bfe2-32bff633d204
LTC,51.54178994,18992,30.22751416,COINBASE_SPOT_LTC_USD,SELL_ESTIMATED,2018-07-16T20:14:45.367201Z,2018-07-16T20:14:45.367201Z,trade,8e2ec5bb-18f4-476b-8c5d-e848b381c605
BTC,4101.050774,19072,43.35123729,COINBASE_SPOT_BTC_USD,SELL,2018-07-16T20:14:45.906918Z,2018-07-16T20:14:45.906918Z,trade,a706b60a-bbfc-4816-8595-ac865a6c09e6
LTC,52.04198559,19120,26.58832065,COINBASE_SPOT_LTC_USD,BUY_ESTIMATED,2018-07-16T20:14:46.487714Z,2018-07-16T20:14:46.487714Z,trade,df3ab1d7-ece1-4f53-a4e8-ec915e1693bf
LTC,53.95848935,19128,34.18805672,COINBASE_SPOT_LTC_USD,SELL_ESTIMATED,2018-07-16T20:14:47.311105Z,2018-07-16T20:14:47.311105Z,trade,cd456734-7546-413c-95ff-f2f0434b4e53
ETH,528.47093,19204,35.19888985,COINBASE_SPOT_ETH_USD,SELL,2018-07-16T20:14:48.068561Z,2018-07-16T20:14:48.068561Z,trade,8cd6bfaa-5dc2-4995-8d31-b1043691f307
ETH,559.1120335,19256,98.62630717,COINBASE_SPOT_ETH_USD,SELL_ESTIMATED,2018-07-16T20:14:48.815050Z,2018-07-16T20:14:48.815050Z,trade,fa1ebcbf-7a62-4ecb-b39b-46b1573bc9ae
BTC,4132.902919,19326,12.64934893,COINBASE_SPOT_BTC_USD,SELL,2018-07-16T20:14:49.327533Z,2018-07-16T20:14:49.327533Z,trade,d3ffdf63-d1bc-4cd5-9fc3-db17e5e561be
LTC,50.21419209,19426,91.70918225,COINBASE_SPOT_LTC_USD,SELL,2018-07-16T20:14:49.663833Z,2018-07-16T20:14:49.663833Z,trade,361aef75-ab59-4c36-b5e4-6feb7a95712e
BTC,4216.298648,19459,22.49948366,COINBASE_SPOT_BTC_USD,SELL_ESTIMATED,2018-07-16T20:14:50.469352Z,2018-07-16T20:14:50.469352Z,trade,a7ab36dc-0e33-4775-a013-48752357b541
LTC,51.06160466,19460,47.60027778,COINBASE_SPOT_LTC_USD,BUY_ESTIMATED,2018-07-16T20:14:51.060835Z,2018-07-16T20:14:51.060835Z,trade,a47c3761-ade5-4754-a4e1-203ccfad1707
LTC,52.12214614,19502,95.38404426,COINBASE_SPOT_LTC_USD,BUY,2018-07-16T20:14:51.788224Z,2018-07-16T20:14:51.788224Z,trade,88d7ef0c-8bcd-47e8-8791-58ec554e3b54
LTC,54.04083588,19588,91.8792213,COINBASE_SPOT_LTC_USD,SELL_ESTIMATED,2018-07-16T20:14:52.685542Z,2018-07-16T20:14:52.685542Z,trade,ac508f35-7958-4976-bca9-9be954de4a4e
BTC,4353.79571,19591,44.00774701,COINBASE_SPOT_BTC_USD,SELL_ESTIMATED,2018-07-16T20:14:53.413688Z,2018-07-16T20:14:53.413688Z,trade,d24daabb-df97-4627-a432-c329198a7993
BTC,4521.395948,19634,53.59075036,COINBASE_SPOT_BTC_USD,SELL,2018-07-16T20:14:54.035020Z,2018-07-16T20:14:54.035020Z,trade,d5975c4d-368b-4ed5-8440-5be353cef5f2
ETH,476.7947446,19651,1.333785426,COINBASE_SPOT_ETH_USD,SELL,2018-07-16T20:14:54.563121Z,2018-07-16T20:14:54.563121Z,trade,0b1e17c1-be02-4a8f-a2a0-6eb87649d4a6
BTC,4399.315818,19727,51.57498108,COINBASE_SPOT_BTC_USD,SELL_ESTIMATED,2018-07-16T20:14:54.987980Z,2018-07-16T20:14:54.987980Z,trade,f9716885-ccdc-4e5d-ad0f-e75ad03f10db
LTC,54.087054,19735,99.94970445,COINBASE_SPOT_LTC_USD,BUY_ESTIMATED,2018-07-16T20:14:55.689707Z,2018-07-16T20:14:55.689707Z,trade,8770b4cd-9bbc-41e9-8498-b6cd290d4bed
ETH,475.174224,19784,87.78630321,COINBASE_SPOT_ETH_USD,SELL_ESTIMATED,2018-07-16T20:14:56.097441Z,2018-07-16T20:14:56.097441Z,trade,7d563ec7-6f9d-4896-b92d-c5e6da0d069d
BTC,4343.618138,19787,70.96256157,COINBASE_SPOT_BTC_USD,BUY_ESTIMATED,2018-07-16T20:14:56.685897Z,2018-07-16T20:14:56.685897Z,trade,2e187d36-576f-4991-bf66-d863e6e31a40
ETH,508.2526095,19883,63.01251055,COINBASE_SPOT_ETH_USD,SELL_ESTIMATED,2018-07-16T20:14:57.062496Z,2018-07-16T20:14:57.062496Z,trade,49cde3cf-41de-4684-861b-0b52be9db2b6
BTC,4372.094097,19933,71.07722579,COINBASE_SPOT_BTC_USD,BUY,2018-07-16T20:14:57.478370Z,2018-07-16T20:14:57.478370Z,trade,5ead5399-ca71-4138-b71d-98cbc4cfaae8
BTC,4058.744282,20018,37.27672476,COINBASE_SPOT_BTC_USD,SELL_ESTIMATED,2018-07-16T20:14:58.002077Z,2018-07-16T20:14:58.002077Z,trade,62e21e51-7ad0-433c-90f0-82495646a89d
BTC,4269.915336,20073,91.74219386,COINBASE_SPOT_BTC_USD,BUY,2018-07-16T20:14:58.357503Z,2018-07-16T20:14:58.357503Z,trade,05bb631e-1adc-489b-8d39-212e24101e05